title,price,initial_quantity,available_quantity,sold_quantity,condition
 Chromecast With Google Tv  De Voz 4k 8gb  Snow Con 2gb De Memoria Ram,12199.0,51,1,5,new
 Google Chromecast  Full Hd  Carbón,5699.0,686,1,500,new
Chromecast Smart Tv Netflix Google Tv 4k Hdr Control Remoto,12334.51,960,50,500,new
 Google Chromecast 3rd Generation  Full Hd  Carbón. C/fuente,5978.0,1220,1,500,new
 Google Chromecast 3rd Gen Full Hd-c/fuente-garantia!,5699.0,436,1,250,new
Chromecast 4ta Generacion Con Google Tv + Control Remoto,13290.0,296,1,250,new
Google Chromecast 3 Smart Tv Hdmi Usb Nuevo Modelo Gtia ,7549.0,7277,500,500,new
 Chromecast With Google Tv  De Voz 4k 8gb  Snow 2gb Ram,12499.0,1084,250,500,new
Google Chromecast 3 Smart Tv Hdmi Usb Garantia Local Nuevos!,5690.0,10635,500,500,new
Chromecast 3era Generación 2019 Hdmi Netflix Smart Tv ,6299.0,1564,50,500,new
Google Chromecast 3 Media Streaming Player Original En Caja ,5900.0,1766,150,500,new
 Chromecast 4ta Generacion Google Tv 4k Control De Voz 8gb,13499.0,152,1,100,new
Google Chromecast 3 Smart Tv Hdmi Usb Nuevo Modelo Local,5690.0,11692,500,5000,new
Chromecast 4 Smart Tv Netflix Googletv 4k Hdr Control Remoto,13599.0,342,1,250,new
Google Chromecast 3 3era Gen. Youtube Netflix Flow Cromecast,6899.0,1601,500,250,new
 Google Chromecast 3rd Generation  Full Hd  Carbón,7549.0,199,50,100,new
Google Chromecast 3 Gen Smart Tv Hdmi Full Hd Usb Netflix ,5699.0,1133,1,500,new
Google Chromecast 3ra Gen Smart Tv Box Netflix Hdmi Full Hd Flow Streaming Spotify Dual Band,5649.0,2499,1,525,new
Google Chromecast 2018 3era Generacion New 2018,5980.0,6005,100,250,new
Google Chromecast Con Google Tv 4k + Control Remoto,13327.0,1414,500,255,new
Google Chromecast 3 Generacion Smart Tv Hdmi Usb Nuevo Orig,5690.0,568,1,250,new
Google Chromecast 4 4ta Generac Streaming Tv Box 4k 8gb 2gb,12499.0,14,1,5,new
Google Chromecast 3 Generación Original Wifi Smart Tv Hdmi,6599.0,100,1,50,new
Chromecast With Google Tv  De Voz 4k 8gb  Snow 2gb Ram,16949.0,222,50,100,new
Google Chromecast 3 Generacion Nuevo En Caja Hdmi C/ Fuente,5999.0,102,1,50,new
Google Chromecast 4 Google Tv Box 4k 8gb 2gb 4ta Gen,12499.0,20,1,5,new
Convertidor Google Chromecast 3era Gen Con Fuente Externa,6900.0,1347,500,250,new
Chromecast 4ta Gen 4k 2gb Ram Google Tv Control Remoto Cuot,16900.0,166,1,100,new
Google Chromecast 3 Streaming Player Caja Original Full Hd,5900.0,37,1,5,new
Google Chromecast 3 Cromecast 3era Generacion 2019 Netflix,6908.0,1147,150,500,new
Google Chromecast 3 Youtube Netflix Flow Cromecast Oferta,8299.0,1227,500,200,new
Google Chromecast 4 4ta Generac Streaming Tv Box 4k 8gb 2gb ,12699.0,77,1,25,new
Google Chromecast 3rd Generación Full Hd Carbón 512mb Ram,8150.0,104,1,50,new
 Chromecast With Google Tv  De Voz 4k / Makkax,15999.0,24,1,5,new
Google Chromecast 3ra Generación,6199.0,171,50,50,new
Google Chromecast 3 Generacion Original Wifi Smart Tv Hdmi,8150.0,867,1,500,new
 Chromecast With Google Tv  De Voz 4k 8gb Original Ade Ramos,13499.0,30,1,5,new
Chromecast 3.0 Cromecast 3ra Netflix Youtube Negro,6639.0,95,1,50,new
Google Chromecast Con Google Tv 4k Hdmi Streaming Android Tv,13697.0,1464,500,258,new
Google Chromecast 3 Smart Tv Hdmi Usb Nuevo Modelo Gtia ,7549.0,3700,500,50,new
Chromecast 3 3ra Gen Smart Tv Hdmi Full Hd Oferta Cuotas !!,8314.19,815,1,500,new
Google Chromecast 3rd Generacion Full Hd Carbon 512mb Ram,8150.0,123,1,25,new
Google Chromecast 3 Generacion  Hdmi Tv Nuevos  Om,9450.0,8955,1,80,new
 Chromecast 4 Generacion Google Tv 4k Original Cuotas Ade,16999.0,76,50,5,new
Google Chromecast 3 Generacion Nuevo En Caja Hdmi ,5999.0,48,1,5,new
Google Chromecast Con Google Tv Resolucion 4k Streaming,18999.0,1209,500,201,new
Google Chromecast 3 Generacion Original Wifi Smart Tv Hdmi,6599.0,377,1,100,new
Chromecast 4 Generacion Google Tv 4k Con Control Y Fuente,12199.0,46,1,5,new
Google Chromecast 3 Tv 3ra Generacion Conversor Smart Hdmi ,6499.0,3044,50,5,new
Google Chromecast Hdmi Streaming Media Player Lcd Smart / Makkax,9599.0,121,1,25,new
"Google Nest Hub 2nd Gen Con Asistente Virtual Google Assistant, Pantalla Integrada De 7  Chalk 110v/220v",32999.0,11,1,5,new
"Google Nest Hub 2nd Gen Con Asistente Virtual Google Assistant, Pantalla Integrada De 7  Charcoal 110v/220v",32999.0,13,1,5,new
Google Home Mini Parlante Asistente Virtual Nuevo Sin Caja,5499.0,1094,500,56,new
"Google Nest Hub Con Asistente Virtual Google Assistant, Pantalla Integrada De 7  Chalk 110v/220v",28465.0,1017,500,5,new
Google Home Mini Asistente Virtual Youtube Spotify Sin Caja,6999.0,1136,500,103,new
Google Home Mini Asistente Virtual Youtube Spotify Sin Caja,5499.0,2040,500,757,new
Google Home Mini Nuevo En Bolsa. ,12500.0,1,1,0,new
Asistente Virtual Google Home Hub Pantalla 7 Smart Nest Wifi,24999.0,2037,1000,10,new
Asistente Virtual Google Home Hub Altavoz Wifi Refabricado,16999.0,2009,1000,10,new
Google Home Wifi Router Repetidor Bluetooth Ac1200 5ghz,19999.0,102,1,50,new
Google Home Hub Pantalla 7 Nest 2da Gen Asistente Virtual ,32999.0,30,2,7,new
Google Home Hub Parlante Asistente Virtual Smart Premium,34999.0,1999,1000,1,new
Asistente Virtual Google Home Hub 7´´ Smart Refabricado,16999.0,2050,1000,32,new
Asistente Virtual Google Home Hub Altavoz Wifi Bluetooth ,24999.0,2022,1000,10,new
Google Home Hub Asistente Virtual Inteligente Refabricado,16999.0,2006,1000,8,new
Soporte Montaje Embutido Pared Google Home Hub Mountgenie,1999.0,11,1,3,new
Google Home Mini Smart Speaker Youtube Spotify Refabricado ,6999.0,999,500,0,new
Google Home Mini En Español Asistente Virtual Sin Caja Nuevo,5499.0,1167,500,127,new
Asistente Virtual Google Home Hub Smart 7´´  Refabricado,21999.0,1998,1000,0,new
Soporte De Pared Google Mini Home / Nest Mini 2da Generacion,199.0,31,3,13,new
Asistente Virtual Google Home Hub Smart Pantalla 7 Wifi Bt ,34999.0,1998,1000,0,new
Google Home Hub Parlante Asistente Virtual Smart Refabricado,21999.0,1998,1000,0,new
Asistente Virtual Google Home Hub Parlante Refabricado,21999.0,1998,1000,0,new
Asistente Virtual Google Home Hub Parlante Voice Match Cuota,34999.0,1998,1000,0,new
Soporte De Pared A 45º Google Home Hub - Base 138x60mm,699.0,6,1,0,new
Google Home - Asistente Virtual,45990.0,1,1,0,new
Soporte De Pared A 45º Google Home Hub - Base 138x60mm,1247.99,200,150,0,new
Soporte De Pared Google Mini Home / Nest Mini 2da Generacion,747.99,600,450,0,new
Google Home Hub Asistente Virtual Inteligente Pantalla 7,24999.0,2012,1000,10,new
Google Home Mini Smart Speaker Youtube Spotify Refabricado ,4999.0,1001,500,2,used
Parlante Inteligente Google Home,20500.0,1,1,0,used
Google Home Hub Nest 7' Nuevo - Escucho Ofertas!,33000.0,1,1,0,used
Google Home Mini 1° Gen,4900.0,1,1,0,used
Google Home Mini 1º Generación Chalk (gris Claro) Usado,6499.0,1,1,0,used
Google Home Mini Parlante Virtual Original En Español,5000.0,1,1,0,used
Google Home Mini Chalk,7000.0,5,1,0,used
Google Home Mini  ,7000.0,5,1,0,used
Google Home Mini Asistente Virtual + Brodalink Rm Mini 3,15000.0,1,1,0,used
Parlante Chromecast Original ,6000.0,1,1,0,used
Google Home Mini,3800.0,1,1,0,used
Google Home Mini,6000.0,1,1,0,used
Google Home Mini En Perfecto Estado,4999.0,1,1,0,used
Parlante Inteligente Google Home Asistant,19000.0,1,1,0,used
Asistente Google Home Mini (tipo Alexa),6000.0,1,1,0,used
Google Home Mini Con Asistente Virtual ,4300.0,1,1,0,used
 Apple Tv Hd A1625  De Voz Full Hd 32gb  Negro Con 2gb De Memoria Ram,39999.0,6,1,0,new
Apple Tv 4k 32gb Negro 1.ª Generación 2017,47623.0,13,1,5,new
Apple Tv 4k 32gb (2da Gen),47799.0,12,1,5,new
Apple Tv Hd 4th Generation - Full Hd 32gb - Negro,39999.0,11,1,5,new
Soporte Para Apple Tv Decodificadores Tgw,1260.0,467,1,250,new
Soporte Para Apple Tv Todas Las Generaciones,399.0,29,2,10,new
Apple Tv 4k 2021 64gb Mxh02ll/a A12 Bionic Chip _1,89500.0,2,1,1,new
Apple Tv 32gb Siri Remote 4th Gen Mr912lz/a Full Hd 2gb Ram,54999.0,1000,500,1,new
Apple Tv 4k 64gb Negro 1.ª Generación 2017,59593.5,3,1,1,new
Soporte Para Apple Tv Decodificadores Tgw,1580.0,84,1,25,new
Apple Tv Hd 2021 4k -32gb - Mxgy2ll/a,73499.99,100,50,1,new
Soporte Para Apple Tv Decodificadores Estante Tagwood,2370.0,110,1,100,new
Apple Tv 4k 32gb Mqd22ll/a New 4k _ap,47520.0,6,1,1,new
Apple Tv 4k 32gb (2da Gen),50299.0,5,1,0,new
Apple Tv 4k 64gb Mp7p2ll/a New 4 K 5 Gen 30 % Off,83999.99,132,50,5,new
 Apple Tv 4k 64gb Mp7p2ll/a New 4k _ap,56320.0,5,1,2,new
Apple Tv 32gb Siri Remote 4th Generation Netflix Amazon Hbo,44999.0,999,500,0,new
Apple Tv Siri Remote 4ta Gen 32gb 2gb Ram Full Hd Stream,44999.0,999,500,0,new
Apple Tv 32gb Siri Remote 4th Gen Mr912lza ,44999.0,999,500,0,new
Apple Tv 4k 32gb,48999.0,2,1,0,new
Apple Tv 32gb Siri Remote 4th Gen Mr912lz/a + Control Remoto,54999.0,999,500,0,new
Apple Tv 4k 64gb Mp7p2ll/a New 4k _s,56320.0,6,1,3,new
Soporte Para Apple Tv Decodificadores Estante Tagwood,2490.0,503,250,5,new
Apple Tv Siri Remote 4th Gen Mr912lz/a 32gb 2gb Ram Chip A8 ,54999.0,999,500,0,new
Apple Tv Hd 32gb,49486.0,6,1,0,new
Apple Tv 4k 32gb Mqd22ll/a New 4k _s,47520.0,7,1,2,new
Apple Tv Hd 32gb,39999.0,6,1,0,new
Soporte Para Apple Tv Decodificadores Tagwood Pack X 2,3370.0,2,1,0,new
Soporte Para Apple Tv Decodificadores Estante Tagwood,2140.0,7,1,0,new
Soporte Para Apple Tv Todas Las Generaciones,399.0,6,2,0,new
Soporte De Pared Apple Tv 4ta Generación Control Remoto 3d,499.0,9,1,4,new
Soporte Para Apple Tv Decodificadores Twg Pack X 2,2810.0,2,1,0,new
Soporte Apple Tv 2da 3era Generación Accesorios 3d Caba,499.0,10,1,3,new
Apple Tv 64 Gb 4 K (2017),74000.0,1,1,0,new
Apple Tv 2 Generación Nueva Sellada,15000.0,1,1,0,new
Soporte Para Apple Tv 4 5 6 Generación,500.0,40,4,0,new
Soporte Para Apple Tv 4 5 6 Gen + Soporte Control Remoto,700.0,20,2,0,new
Apple Tv 4k 32gb Negro 1st Generation Nuevo Caja Sellada,42000.0,1,1,0,new
Mueble Tv Apple Blue,1550.0,1,1,0,new
 Apple Tv 4k A1842 Control De Voz 4k 32gb Negro Original,47623.0,4,1,1,new
Soporte Para Apple Tv 4° Y 5° Generación,750.0,12,1,4,new
Soporte Para Apple Tv 4 Y 5 (4k) Generación,750.0,25,1,5,new
Soporte Para Mac Mini Tv Monitor Apple Accesorio 3d Capital,899.0,28,1,5,new
Apple Tv Soporte Pared - Mueble - 3d La Plata,949.8,8,8,0,new
Apple Tv 4k 2021 64gb Mxgy2ll/a A12 Bionic Chip _1,90000.0,8,1,5,new
Apple Tv 4k 2021 32gb Mxh02ll/a A12 Bionic Chip _1,81000.0,3,1,2,new
Apple Tv 2021 4k 64gb,69999.0,9,1,5,new
Apple Tv 2021 4k 32gb,64999.0,1,1,0,new
Nueva Apple Tv 4k 64gb Mp7p2ll/a A Pedido! ,86980.83,2,1,0,new
Apple Tv Hd 32 Gb Últ Gener 2021 Caja Sellada!! C/fact. Usa,59000.0,1,1,0,new
 Amazon Fire Tv Stick 4k  De Voz 4k 8gb  Negro Con 1.5gb De Memoria Ram,9499.0,41,1,25,new
 Amazon Fire Tv Stick Lite  De Voz Full Hd 8gb  Negro Con 1gb De Memoria Ram,6899.0,748,1,500,new
 Amazon Fire Tv Stick  De Voz Full Hd 8gb  Negro Con 1gb De Memoria Ram,7994.0,46,1,25,new
Amazon Fire Tv Stick 3ra Generacion Hd Alexa  Remote,10999.0,86,50,5,new
Amazon Fire Tv Stick 4k De Voz 4k 8gb Negro Con Memoria Ram ,9789.11,148,1,100,new
Amazon Fire Tv Stick 4k De Voz 4k 8gb Negro Con Memoria Ram ,10190.0,296,100,150,new
Amazon Fire Tv Stick Lite Convertidor Smart Tv Alexa,8999.0,1027,500,25,new
Amazon Fire Tv Stick 4k De Voz 4k 8gb Negro Con Memoria Ram ,10999.0,180,1,150,new
Amazon Fire Tv Stick 4k 8gb Negro 1.5gb Memoria Ram Oferta,11299.0,7,1,4,new
Amazon Fire Tv Stick 4k Cr Voz 4k 8gb Negro 1.5gb De Ram. 10,9499.0,12,1,5,new
 Amazon Fire Tv 4k Stick Full Hd 8gb Alexa Control D Voz,12499.0,167,100,25,new
 Amazon Fire Tv Stick 4k Control De Voz Full Hd 8gb 4k,12499.0,181,100,50,new
"Amazon Fire Tv Stick 4k Uhd 8gb 1,5gb Ram Netflix Wifi",13999.0,17,1,5,new
Amazon Fire Tv Stick Lite C/ Alexa + Control Remoto Por Voz,7799.0,2,1,1,new
 Amazon Fire Tv Stick 4k De Voz 4k 8gb  Negro Con 1.5gb Ram,11299.0,4,1,2,new
 Amazon Fire Tv Stick 2nd Gen Alexa Full Hd 8gb 1gb Ram,7994.0,4,1,2,new
Amazon Fire Tv Stick Lite Control Por Voz Alexa Full Hd,6999.0,1007,500,5,new
Amazon Fire Tv Stick Control Por Voz 3ra Generación Hd Alexa,16999.0,1002,500,3,new
Amazon Fire Tv Stick Lite C/ Alexa + Control Remoto Por Voz ,7749.0,6,1,1,new
Amazon Fire Tv Stick Basic Bluetooth 5.0 8gb Control Por Voz,12189.0,128,100,5,new
 Amazon Fire Tv Stick 4k De Voz 4k 8gb Negro 1.5gb Ram,10286.0,8,1,4,new
Amazon Fire Tv Stick Hd 1080p 8gb 2020 C/ Voz Netflix Disney,7699.0,81,1,50,new
Amazon Fire Tv Stick 4k  De Voz 4k 8gb  Negro Con 1.5gb ,9998.0,3,1,1,new
Amazon Fire Tv Stick Lite Control Por Voz Alexa,8999.0,1026,500,25,new
 Amazon Fire Tv Stick 4k   Cr Voz 4k 8gb  Negro 1.5gb De Ram,9499.0,48,1,25,new
Amazon Fire Tv Stick 3rd Alexa Voice Remote 3 Version 2021,16999.0,1000,500,1,new
 Amazon Fire Tv Stick Lite C/ Alexa + Control Remoto Por Voz,6899.0,192,1,150,new
Amazon Fire Tv Stick Basic Bluetooth 5.0 8gb Control Por Voz,9999.0,127,100,5,new
"Amazon Fire Tv Stick 4k De Voz 4k 8gb 1,5gb Ram Streaming",10999.0,13,1,5,new
"Fire Stick Amazon Tv 4k 8g Y 1,5 De Ram Completo Cerrado",11999.0,3,1,2,new
 Amazon Fire Tv Stick Lite Full Hd Control Remoto Alexa,7399.0,2,1,1,new
"Amazon Fire Tv Stick 4k De Voz 8gb 1,5gb Ram Streaming 4k",10999.0,6,1,1,new
"Amazon Fire Tv Stick Convertidor Smart Tv 8gb 1,5gb Ram 4k ",13999.0,14,1,5,new
"Amazon Fire Tv Stick 4k 8gb 1,5gb Ram Convertidor Smart Tv",10999.0,9,1,4,new
Convertidor Smart Tv Amazon Fire Tv Stick Lite Con Alexa,11999.0,1001,500,2,new
"Amazon Fire Tv Stick 8gb 4k Ultra Hd 1,5gb Ram Netflix ",13999.0,10,1,5,new
Amazon Fire Tv Stick 3 Con Alexa Voice Remote 3 Ver. 2021,16999.0,999,500,0,new
Amazon Fire Tv Stick Lite Control Remoto Alexa 1080p 8gb/1gb,7999.0,10,1,0,new
Fire Tv Stick Lite Amazon - Control Por Voz,9900.0,3,1,1,new
Amazon Fire Tv Stick Lite Control Remoto Alexa 1080p 8gb/1gb,11499.0,10,1,0,new
Amazon Fire Tv Stick Lite 8gb Alexa Streaming Tv Netflix,11999.0,999,500,0,new
Amazon Fire Tv Stick 3 Hd Alexa Control Por Voz 8 Gb 2021,19999.0,999,500,0,new
Amazon Fire Tv Stick 4k 8gb - Con Control De Voz De Alexa,10750.0,2,1,0,new
 Amazon Fire Tv Stick Lite 8gb 1gb Ram Alexa,11999.0,999,500,0,new
Amazon Fire Tv Stick 4k De Voz 4k 8gb Negro Con Memoria Ram ,13498.0,5,1,0,new
Amazon Fire Tv Stick Lite C/ Alexa + Control Remoto Por Voz,9399.0,20,1,0,new
 Amazon Fire Tv Stick Lite De Voz Full Hd 8gb 1gb  Ram,9199.0,19,1,0,new
"Amazon Fire Tv Stick Convertidor Smart Tv 8gb 1,5gb Ram 4k 1",12999.0,3,1,0,new
Amazon Fire Tv Stick Lite De Voz Full Hd 8gb 1gb Ram,10999.0,19,1,0,new
Amazon Fire Tv Stick Lite C/ Alexa + Control Remoto Por Voz,9449.0,20,1,0,new
 Amazon Fire Tv Stick 4k  De Voz 4k 8gb  Negro Con 1.5gb De Memoria Ram,9499.0,41,1,25,new
 Amazon Fire Tv Stick Lite  De Voz Full Hd 8gb  Negro Con 1gb De Memoria Ram,6899.0,748,1,500,new
 Amazon Fire Tv Stick  De Voz Full Hd 8gb  Negro Con 1gb De Memoria Ram,7994.0,46,1,25,new
Amazon Fire Tv Stick 3ra Generación Hd Control Por Voz 8 Gb,19999.0,53,1,5,new
Amazon Fire Tv Stick 4k De Voz 4k 8gb Negro Con Memoria Ram ,9789.11,148,1,100,new
Amazon Fire Tv Stick 3ra Generacion Hd Alexa  Remote,10999.0,86,50,5,new
Amazon Fire Tv Stick 4k De Voz 4k 8gb Negro Con Memoria Ram ,10190.0,296,100,150,new
Amazon Fire Tv Stick Lite Convertidor Smart Tv Alexa,8999.0,1027,500,25,new
Amazon Fire Tv Stick 4k De Voz 4k 8gb Negro Con Memoria Ram ,10999.0,180,1,150,new
Amazon Fire Tv Stick 4k 8gb Negro 1.5gb Memoria Ram Oferta,11299.0,7,1,4,new
Amazon Fire Tv Stick 4k Cr Voz 4k 8gb Negro 1.5gb De Ram. 10,9499.0,12,1,5,new
 Amazon Fire Tv 4k Stick Full Hd 8gb Alexa Control D Voz,12499.0,167,100,25,new
 Amazon Fire Tv Stick 4k Control De Voz Full Hd 8gb 4k,12499.0,181,100,50,new
"Amazon Fire Tv Stick 4k Uhd 8gb 1,5gb Ram Netflix Wifi",13999.0,17,1,5,new
Amazon Fire Tv Stick Lite C/ Alexa + Control Remoto Por Voz,7799.0,2,1,1,new
 Amazon Fire Tv Stick 4k De Voz 4k 8gb  Negro Con 1.5gb Ram,11299.0,4,1,2,new
 Amazon Fire Tv Stick 2nd Gen Alexa Full Hd 8gb 1gb Ram,7994.0,4,1,2,new
Amazon Fire Tv Stick Lite Control Por Voz Alexa Full Hd,6999.0,1007,500,5,new
Amazon Fire Tv Stick Control Por Voz 3ra Generación Hd Alexa,16999.0,1002,500,3,new
Amazon Fire Tv Stick Lite C/ Alexa + Control Remoto Por Voz ,7749.0,6,1,1,new
Amazon Fire Tv Stick Basic Bluetooth 5.0 8gb Control Por Voz,12189.0,128,100,5,new
 Amazon Fire Tv Stick 4k De Voz 4k 8gb Negro 1.5gb Ram,10286.0,8,1,4,new
Amazon Fire Tv Stick Hd 1080p 8gb 2020 C/ Voz Netflix Disney,7699.0,81,1,50,new
Amazon Fire Tv Stick 4k  De Voz 4k 8gb  Negro Con 1.5gb ,9998.0,3,1,1,new
Amazon Fire Tv Stick Lite Control Por Voz Alexa,8999.0,1026,500,25,new
 Amazon Fire Tv Stick 4k   Cr Voz 4k 8gb  Negro 1.5gb De Ram,9499.0,48,1,25,new
Amazon Fire Tv Stick 3rd Alexa Voice Remote 3 Version 2021,16999.0,1000,500,1,new
 Amazon Fire Tv Stick Lite C/ Alexa + Control Remoto Por Voz,6899.0,192,1,150,new
Amazon Fire Tv Stick Basic Bluetooth 5.0 8gb Control Por Voz,9999.0,127,100,5,new
"Amazon Fire Tv Stick 4k De Voz 4k 8gb 1,5gb Ram Streaming",10999.0,13,1,5,new
"Fire Stick Amazon Tv 4k 8g Y 1,5 De Ram Completo Cerrado",11999.0,3,1,2,new
 Amazon Fire Tv Stick Lite Full Hd Control Remoto Alexa,7399.0,2,1,1,new
"Amazon Fire Tv Stick 4k De Voz 8gb 1,5gb Ram Streaming 4k",10999.0,6,1,1,new
"Amazon Fire Tv Stick Convertidor Smart Tv 8gb 1,5gb Ram 4k ",13999.0,14,1,5,new
"Amazon Fire Tv Stick 4k 8gb 1,5gb Ram Convertidor Smart Tv",10999.0,9,1,4,new
Convertidor Smart Tv Amazon Fire Tv Stick Lite Con Alexa,11999.0,1001,500,2,new
"Amazon Fire Tv Stick 8gb 4k Ultra Hd 1,5gb Ram Netflix ",13999.0,10,1,5,new
Amazon Fire Tv Stick 3 Con Alexa Voice Remote 3 Ver. 2021,16999.0,999,500,0,new
Amazon Fire Tv Stick Lite Control Remoto Alexa 1080p 8gb/1gb,7999.0,10,1,0,new
Fire Tv Stick Lite Amazon - Control Por Voz,9900.0,3,1,1,new
Amazon Fire Tv Stick Lite Control Remoto Alexa 1080p 8gb/1gb,11499.0,10,1,0,new
Amazon Fire Tv Stick Lite 8gb Alexa Streaming Tv Netflix,11999.0,999,500,0,new
Amazon Fire Tv Stick 3 Hd Alexa Control Por Voz 8 Gb 2021,19999.0,999,500,0,new
 Amazon Fire Tv Stick Lite  De Voz Full Hd ,7690.0,5,1,0,new
Amazon Fire Tv Stick 4k 8gb - Con Control De Voz De Alexa,10750.0,2,1,0,new
 Amazon Fire Tv Stick Lite 8gb 1gb Ram Alexa,11999.0,999,500,0,new
Amazon Fire Tv Stick 4k De Voz 4k 8gb Negro Con Memoria Ram ,13498.0,5,1,0,new
Amazon Fire Tv Stick Lite C/ Alexa + Control Remoto Por Voz,9399.0,20,1,0,new
 Amazon Fire Tv Stick Lite De Voz Full Hd 8gb 1gb  Ram,9199.0,19,1,0,new
Amazon Fire Tv Stick Lite De Voz Full Hd 8gb 1gb Ram,10999.0,19,1,0,new
 Roku Express 4k+ 3941  De Voz 4k  Negro,8988.0,26,1,5,new
Roku Se Special Edition 3930 Hd Hdmi C/ Control Remoto ,6299.0,773,150,500,new
 Roku Express 3930  Estándar Full Hd 32mb  Negro Con 512mb De Memoria Ram,6349.0,4350,250,500,new
 Roku Streaming Stick+ 3810  De Voz 4k 1gb  Negro Con 1gb De Memoria Ram,8500.0,76,1,50,new
Roku 3920xb Premiere+ 4k Hdr Hdmi Convertidor Smart Tv,7299.0,415,1,250,new
Tv Stick + Control Roku 3930se Full Hd 1080p Dolby Audio,6980.0,86,1,50,new
 Roku Premiere 3920  Estándar 4k 0gb  Negro Con 0gb De Memoria Ram,7199.0,151,1,100,new
 Roku Express 3900  Estándar Full Hd  Negro Con 512mb De Memoria Ram,6349.0,56,1,25,new
 Roku Express+ 3910xb  Estándar Full Hd  Negro,8500.0,15,1,5,new
 Roku Streaming Stick 3600  Estándar Full Hd  Negro Con 512mb De Memoria Ram,7590.0,2,1,0,new
Roku Express 4k+ 2021 Media Streaming Control Remoto De Voz,8988.0,100,1,50,new
Roku 3930 Se Blanco/negro Full Hd Hdmi C/ Control Remoto,6349.0,310,150,100,new
Roku 3930mx Tv Smart Hdmi Disney+ Netflix + Amazon Prime ,7999.0,175,1,150,new
 Roku Premiere 3920 Transmisión Hd 4k Streaming Tv Disney + ,8199.0,171,50,100,new
Roku 3930se Express Smarter Player Netflix Youtube,6259.0,50,1,5,new
Roku Streaming Stick+ 3810 Tv Box 4k Hdmi Control 1gb Ram,9899.0,47,1,25,new
Roku 3920xb Premiere+ 4k Hdr Hdmi Convertidor Smart Tv,9199.0,153,1,100,new
Roku Express 3600 Reproductor Streaming Tv Full Hd Netflix,5499.0,1005,500,5,new
 Roku Express 4k+ 3941r  C/remoto De Voz Ultimo Modelo,8199.0,74,1,50,new
Roku Premier 4k Transmisión Hd Hdr Streaming Netflix Tv Box,7499.0,156,50,50,new
Roku 3930mx Tv Smart Hdmi Disney+ Netflix + Amazon Prime ,6349.0,1044,250,500,new
Roku Streaming Stick+ 3810 Tv Box 4k Hdmi 1gb Ram Netflix,12089.0,14,1,5,new
Roku Se Special Edition 3930se Hd Hdmi C/ Control Remoto,6400.0,50,1,25,new
 Roku Premiere 3920 Transmisión Hd 4k Streaming Netflix Tv ,10190.0,168,50,100,new
 Roku Express 3930  Full Hd 32mb / Makkax,7299.0,41,1,5,new
 Roku Tv Box Express 3941r 4k 2021 C/control Remoto Por Voz,8999.0,98,50,5,new
 Roku Streaming Tv Stick 3810rw 4k C/control Remoto Por Voz,8749.0,78,50,5,new
Roku 3930 Se Blanco/negro Full Hd Hdmi Con Control Remoto,6299.0,208,150,5,new
 Roku Express 3930 Full Hd 32mb/ 512mb Convertí Tv En Smart,7973.24,104,50,5,new
Roku Premier Transmisión Hd 4k Hdr Streaming Netflix 3920r,8199.0,229,50,150,new
Roku Express 4k Plus Smart Tv Hdmi Streaming Control C/voice,8999.0,21,1,5,new
Roku Streaming Stick Smart Tv 4k Hdmi Control Remoto Cast,9499.0,38,1,25,new
 Roku Express 3930 Full Hd 32mb/ 512ram Convertí Tv En Smart,6355.85,107,50,5,new
Roku Premier Transmisión Hd 4k Hdr Streaming Netflix Tv Box,10190.0,119,50,50,new
 Roku Streaming Stick + / Makkax,12299.0,24,1,5,new
Roku Express 3930se Streaming Tv Hdmi Nextflix Youtube,6249.0,418,1,250,new
Roku Premier Transmisión Hd 4k Hdr Streaming Netflix Wifi Tv,10190.0,184,50,100,new
Roku Express 3930se Smart Tv Netflix Hdmi 1080p Usb Oferta !,6590.0,87,1,25,new
Roku 3930se Express Orignal Smart T\v Hdmi,7999.0,4,1,3,new
Convertidor Smart Tv Roku Express Full Hd Sin Caja,7999.0,1041,500,25,new
Roku Premiere 3920r Hd 4k Hdr Smarter Streaming Hdmi 60fps,7959.0,7,1,2,new
Roku Streaming Stick Smart Tv 4k Hdmi Control Remoto Netflix,12349.0,16,1,5,new
Roku Express 3930se Smart Tv Netflix Hdmi 1080p Usb Oferta,8196.19,60,1,5,new
Reproductor Streaming Roku 3930se Hdmi Smart Tv Hd,7399.0,21,1,5,new
Roku Premier Streaming Tv Box 4k Hdr Netflix Hbo Spotify,8999.0,1008,500,5,new
 Roku Se 3900  Estándar  Blanco Y Negro,5998.0,196,150,5,new
Roku Premier Transmision Streaming Netflix Tv Box Hd 4k,8999.0,1024,500,5,new
Roku Premiere 3920r Smart Tv 4k Hdr Hdmi Netflix Streaming,8759.0,14,1,4,new
Roku Express Full Hd Smart Tv + Control Remoto Sin Caja,6999.0,1000,500,1,new
 Roku Express 3700xb  Estándar Full Hd  Negro,7049.0,12,1,2,new
